Year,FIPS,MedianIncome,AgeGroup,train_and_predicted
2005,34001,52040.0,25-44,
2006,34001,57582.0,25-44,
2007,34001,61533.0,25-44,
2008,34001,54092.0,25-44,
2009,34001,61628.0,25-44,
2010,34001,49904.0,25-44,
2011,34001,50104.0,25-44,
2012,34001,51046.0,25-44,
2013,34001,52766.0,25-44,
2014,34001,54343.0,25-44,
2015,34001,56660.0,25-44,
2016,34001,56332.0,25-44,
2017,34001,65295.0,25-44,
2018,34001,61793.0,25-44,
2019,34001,65106.0,25-44,
2020,34001,,25-44,64806.352802201036
2021,34001,,25-44,65173.14179072511
2022,34001,,25-44,65149.951360467014
2023,34001,,25-44,65190.85277207696
2024,34001,,25-44,65189.42584177168
2025,34001,,25-44,65194.020912119515
2026,34001,,25-44,65193.994199231754
2027,34001,,25-44,65194.51435920964
2028,34001,,25-44,65194.52661935825
2029,34001,,25-44,65194.58595047309
2005,34003,79122.0,25-44,
2006,34003,82115.0,25-44,
2007,34003,86144.0,25-44,
2008,34003,83599.0,25-44,
2009,34003,85638.0,25-44,
2010,34003,82334.0,25-44,
2011,34003,89101.0,25-44,
2012,34003,92210.0,25-44,
2013,34003,85633.0,25-44,
2014,34003,88932.0,25-44,
2015,34003,100285.0,25-44,
2016,34003,101172.0,25-44,
2017,34003,102075.0,25-44,
2018,34003,110642.0,25-44,
2019,34003,119900.0,25-44,
2020,34003,,25-44,127555.33821283007
2021,34003,,25-44,133885.94833471245
2022,34003,,25-44,140145.6619877989
2023,34003,,25-44,146405.37564088538
2024,34003,,25-44,152665.08929397186
2025,34003,,25-44,158924.80294705834
2026,34003,,25-44,165184.51660014482
2027,34003,,25-44,171444.2302532313
2028,34003,,25-44,177703.94390631779
2029,34003,,25-44,183963.65755940427
2005,34005,73330.0,25-44,
2006,34005,74635.0,25-44,
2007,34005,79618.0,25-44,
2008,34005,82097.0,25-44,
2009,34005,80760.0,25-44,
2010,34005,81854.0,25-44,
2011,34005,76333.0,25-44,
2012,34005,80872.0,25-44,
2013,34005,80302.0,25-44,
2014,34005,90286.0,25-44,
2015,34005,79978.0,25-44,
2016,34005,86881.0,25-44,
2017,34005,90978.0,25-44,
2018,34005,91465.0,25-44,
2019,34005,91000.0,25-44,
2020,34005,,25-44,91315.7718003894
2021,34005,,25-44,91044.96207766002
2022,34005,,25-44,91265.06899571624
2023,34005,,25-44,91077.22482666782
2024,34005,,25-44,91236.55493155036
2025,34005,,25-44,91100.10614691763
2026,34005,,25-44,91216.92917554356
2027,34005,,25-44,91116.71629877886
2028,34005,,25-44,91202.69298776235
2029,34005,,25-44,91128.90040753798
2005,34007,57357.0,25-44,
2006,34007,62593.0,25-44,
2007,34007,64064.0,25-44,
2008,34007,62450.0,25-44,
2009,34007,68329.0,25-44,
2010,34007,59884.0,25-44,
2011,34007,63710.0,25-44,
2012,34007,62240.0,25-44,
2013,34007,60519.0,25-44,
2014,34007,65907.0,25-44,
2015,34007,68559.0,25-44,
2016,34007,73531.0,25-44,
2017,34007,68991.0,25-44,
2018,34007,70952.0,25-44,
2019,34007,78282.0,25-44,
2020,34007,,25-44,84651.74765216662
2021,34007,,25-44,90412.60706936683
2022,34007,,25-44,95787.37538924556
2023,34007,,25-44,100917.32647195246
2024,34007,,25-44,105892.04092777973
2025,34007,,25-44,110768.32109604066
2026,34007,,25-44,115582.18487995045
2027,34007,,25-44,120356.4709401647
2028,34007,,25-44,125105.66108639412
2029,34007,,25-44,129838.93811686226
2005,34009,62479.0,25-44,
2006,34009,58456.0,25-44,
2007,34009,52036.0,25-44,
2008,34009,62487.0,25-44,
2009,34009,59245.0,25-44,
2010,34009,76302.0,25-44,
2011,34009,51905.0,25-44,
2012,34009,55651.0,25-44,
2013,34009,71262.0,25-44,
2014,34009,57710.0,25-44,
2015,34009,71446.0,25-44,
2016,34009,70428.0,25-44,
2017,34009,70217.0,25-44,
2018,34009,61664.0,25-44,
2019,34009,80289.0,25-44,
2020,34009,,25-44,84192.70184394538
2021,34009,,25-44,76916.94252463614
2022,34009,,25-44,88662.76753160618
2023,34009,,25-44,92327.331841128
2024,34009,,25-44,96294.03721871479
2025,34009,,25-44,100249.44618743306
2026,34009,,25-44,104205.27750473884
2027,34009,,25-44,108161.09303133347
2028,34009,,25-44,112116.90914830906
2029,34009,,25-44,116072.72524321155
2005,34011,52009.0,25-44,
2006,34011,50735.0,25-44,
2007,34011,48959.0,25-44,
2008,34011,52648.0,25-44,
2009,34011,55540.0,25-44,
2010,34011,54586.0,25-44,
2011,34011,53595.0,25-44,
2012,34011,51508.0,25-44,
2013,34011,47120.0,25-44,
2014,34011,44848.0,25-44,
2015,34011,55097.0,25-44,
2016,34011,46427.0,25-44,
2017,34011,51318.0,25-44,
2018,34011,56710.0,25-44,
2019,34011,51751.0,25-44,
2020,34011,,25-44,51940.78571424366
2021,34011,,25-44,53025.591896697515
2022,34011,,25-44,52455.05110654418
2023,34011,,25-44,52016.25445910113
2024,34011,,25-44,52209.16940323922
2025,34011,,25-44,52177.71602912185
2026,34011,,25-44,52056.32952367658
2027,34011,,25-44,52065.730656394844
2028,34011,,25-44,52085.228439733626
2029,34011,,25-44,52069.225190091194
2005,34013,52247.0,25-44,
2006,34013,51762.0,25-44,
2007,34013,56150.0,25-44,
2008,34013,58489.0,25-44,
2009,34013,56383.0,25-44,
2010,34013,51864.0,25-44,
2011,34013,51652.0,25-44,
2012,34013,49572.0,25-44,
2013,34013,51143.0,25-44,
2014,34013,55600.0,25-44,
2015,34013,51180.0,25-44,
2016,34013,51910.0,25-44,
2017,34013,60846.0,25-44,
2018,34013,62137.0,25-44,
2019,34013,64570.0,25-44,
2020,34013,,25-44,66460.5613663044
2021,34013,,25-44,68821.04822916067
2022,34013,,25-44,70722.71239427256
2023,34013,,25-44,73079.26714822793
2024,34013,,25-44,74984.01091665623
2025,34013,,25-44,77337.60249065279
2026,34013,,25-44,79245.27886955178
2027,34013,,25-44,81595.9582908642
2028,34013,,25-44,83506.52765285867
2029,34013,,25-44,85854.33300098724
2005,34015,72375.0,25-44,
2006,34015,75948.0,25-44,
2007,34015,79959.0,25-44,
2008,34015,77282.0,25-44,
2009,34015,77956.0,25-44,
2010,34015,81491.0,25-44,
2011,34015,79688.0,25-44,
2012,34015,82107.0,25-44,
2013,34015,76737.0,25-44,
2014,34015,93984.0,25-44,
2015,34015,88084.0,25-44,
2016,34015,93758.0,25-44,
2017,34015,101685.0,25-44,
2018,34015,99834.0,25-44,
2019,34015,101800.0,25-44,
2020,34015,,25-44,103923.77829990549
2021,34015,,25-44,107426.88526100539
2022,34015,,25-44,111502.34020461934
2023,34015,,25-44,115527.6780717128
2024,34015,,25-44,119553.01593880626
2025,34015,,25-44,123578.35380589972
2026,34015,,25-44,127603.69167299318
2027,34015,,25-44,131629.02954008666
2028,34015,,25-44,135654.36740718014
2029,34015,,25-44,139679.7052742736
2005,34019,102273.0,25-44,
2006,34019,94683.0,25-44,
2007,34019,106598.0,25-44,
2008,34019,107320.0,25-44,
2009,34019,111393.0,25-44,
2010,34019,104619.0,25-44,
2011,34019,105958.0,25-44,
2012,34019,110941.0,25-44,
2013,34019,114950.0,25-44,
2014,34019,112092.0,25-44,
2015,34019,100530.0,25-44,
2016,34019,117639.0,25-44,
2017,34019,111589.0,25-44,
2018,34019,113920.0,25-44,
2019,34019,119555.0,25-44,
2020,34019,,25-44,124133.34072857616
2021,34019,,25-44,128910.35235835906
2022,34019,,25-44,133650.01029423726
2023,34019,,25-44,138396.69139475535
2024,34019,,25-44,143142.05201431416
2025,34019,,25-44,147887.66090798491
2026,34019,,25-44,152633.22312166818
2027,34019,,25-44,157378.7941120266
2028,34019,,25-44,162124.36345221262
2029,34019,,25-44,166869.93310266067
2005,34021,68182.0,25-44,
2006,34021,71499.0,25-44,
2007,34021,78469.0,25-44,
2008,34021,78299.0,25-44,
2009,34021,73160.0,25-44,
2010,34021,78027.0,25-44,
2011,34021,74463.0,25-44,
2012,34021,66932.0,25-44,
2013,34021,71401.0,25-44,
2014,34021,69078.0,25-44,
2015,34021,71129.0,25-44,
2016,34021,80432.0,25-44,
2017,34021,77219.0,25-44,
2018,34021,81893.0,25-44,
2019,34021,81632.0,25-44,
2020,34021,,25-44,
2021,34021,,25-44,
2022,34021,,25-44,
2023,34021,,25-44,
2024,34021,,25-44,
2025,34021,,25-44,
2026,34021,,25-44,
2027,34021,,25-44,
2028,34021,,25-44,
2029,34021,,25-44,
2005,34023,75025.0,25-44,
2006,34023,80721.0,25-44,
2007,34023,82232.0,25-44,
2008,34023,83958.0,25-44,
2009,34023,88272.0,25-44,
2010,34023,82012.0,25-44,
2011,34023,81308.0,25-44,
2012,34023,84839.0,25-44,
2013,34023,85006.0,25-44,
2014,34023,86750.0,25-44,
2015,34023,82161.0,25-44,
2016,34023,90660.0,25-44,
2017,34023,97703.0,25-44,
2018,34023,98290.0,25-44,
2019,34023,101357.0,25-44,
2020,34023,,25-44,105981.60152914056
2021,34023,,25-44,110175.98694513892
2022,34023,,25-44,113741.23359969087
2023,34023,,25-44,117676.81609329571
2024,34023,,25-44,121612.39858690056
2025,34023,,25-44,125547.9810805054
2026,34023,,25-44,129483.56357411025
2027,34023,,25-44,133419.14606771508
2028,34023,,25-44,137354.72856131993
2029,34023,,25-44,141290.3110549248
2005,34025,81328.0,25-44,
2006,34025,85445.0,25-44,
2007,34025,83320.0,25-44,
2008,34025,90230.0,25-44,
2009,34025,82044.0,25-44,
2010,34025,91035.0,25-44,
2011,34025,85810.0,25-44,
2012,34025,83829.0,25-44,
2013,34025,84028.0,25-44,
2014,34025,92233.0,25-44,
2015,34025,91449.0,25-44,
2016,34025,100397.0,25-44,
2017,34025,104832.0,25-44,
2018,34025,111883.0,25-44,
2019,34025,114190.0,25-44,
2020,34025,,25-44,117918.33396991162
2021,34025,,25-44,122538.2893952303
2022,34025,,25-44,127717.57066273064
2023,34025,,25-44,133247.7243726055
2024,34025,,25-44,138997.98497104767
2025,34025,,25-44,144886.3215097572
2026,34025,,25-44,150861.2748981474
2027,34025,,25-44,156890.56417325384
2028,34025,,25-44,162953.93906329692
2029,34025,,25-44,169038.69630698918
2005,34027,91722.0,25-44,
2006,34027,96423.0,25-44,
2007,34027,104208.0,25-44,
2008,34027,104251.0,25-44,
2009,34027,107724.0,25-44,
2010,34027,97025.0,25-44,
2011,34027,95408.0,25-44,
2012,34027,100946.0,25-44,
2013,34027,106294.0,25-44,
2014,34027,110660.0,25-44,
2015,34027,120112.0,25-44,
2016,34027,115425.0,25-44,
2017,34027,130936.0,25-44,
2018,34027,120591.0,25-44,
2019,34027,116973.0,25-44,
2020,34027,,25-44,105659.8221304088
2021,34027,,25-44,102052.13600348122
2022,34027,,25-44,90739.17497794336
2023,34027,,25-44,87131.15624684695
2024,34027,,25-44,75818.52908383218
2025,34027,,25-44,72210.1764906871
2026,34027,,25-44,60897.88317540768
2027,34027,,25-44,57289.19674899212
2028,34027,,25-44,45977.237252517276
2029,34027,,25-44,42368.21702176245
2005,34029,66593.0,25-44,
2006,34029,72333.0,25-44,
2007,34029,71773.0,25-44,
2008,34029,73642.0,25-44,
2009,34029,74735.0,25-44,
2010,34029,68040.0,25-44,
2011,34029,68291.0,25-44,
2012,34029,76827.0,25-44,
2013,34029,70301.0,25-44,
2014,34029,69567.0,25-44,
2015,34029,70816.0,25-44,
2016,34029,74712.0,25-44,
2017,34029,83308.0,25-44,
2018,34029,81137.0,25-44,
2019,34029,87623.0,25-44,
2020,34029,,25-44,93895.12150756115
2021,34029,,25-44,98709.8801863248
2022,34029,,25-44,102849.28048428462
2023,34029,,25-44,106629.4621036359
2024,34029,,25-44,110685.40420573404
2025,34029,,25-44,114529.65396449597
2026,34029,,25-44,118536.41304214501
2027,34029,,25-44,122418.41900728678
2028,34029,,25-44,126396.19387470957
2029,34029,,25-44,130300.45007426283
2005,34031,59337.0,25-44,
2006,34031,48403.0,25-44,
2007,34031,55844.0,25-44,
2008,34031,57043.0,25-44,
2009,34031,51803.0,25-44,
2010,34031,51764.0,25-44,
2011,34031,46934.0,25-44,
2012,34031,60012.0,25-44,
2013,34031,55085.0,25-44,
2014,34031,52771.0,25-44,
2015,34031,56156.0,25-44,
2016,34031,62489.0,25-44,
2017,34031,60544.0,25-44,
2018,34031,77322.0,25-44,
2019,34031,82704.0,25-44,
2020,34031,,25-44,83510.40789042856
2021,34031,,25-44,85412.57808023231
2022,34031,,25-44,85643.76803390076
2023,34031,,25-44,85886.71825903139
2024,34031,,25-44,86034.52544479712
2025,34031,,25-44,86056.65635578349
2026,34031,,25-44,86090.26080646513
2027,34031,,25-44,86099.73854562918
2028,34031,,25-44,86103.7992586809
2029,34031,,25-44,86107.0526719733
2005,34033,55109.0,25-44,
2006,34033,61835.0,25-44,
2007,34033,63507.0,25-44,
2008,34033,65886.0,25-44,
2009,34033,52373.0,25-44,
2010,34033,56976.0,25-44,
2011,34033,55746.0,25-44,
2012,34033,75186.0,25-44,
2013,34033,56669.0,25-44,
2014,34033,72066.0,25-44,
2015,34033,76529.0,25-44,
2016,34033,60640.0,25-44,
2017,34033,59250.0,25-44,
2018,34033,66712.0,25-44,
2019,34033,56370.0,25-44,
2020,34033,,25-44,57341.61568880818
2021,34033,,25-44,57341.61568880818
2022,34033,,25-44,57341.61568880818
2023,34033,,25-44,57341.61568880818
2024,34033,,25-44,57341.61568880818
2025,34033,,25-44,57341.61568880818
2026,34033,,25-44,57341.61568880818
2027,34033,,25-44,57341.61568880818
2028,34033,,25-44,57341.61568880818
2029,34033,,25-44,57341.61568880818
2005,34037,82865.0,25-44,
2006,34037,82913.0,25-44,
2007,34037,88385.0,25-44,
2008,34037,80676.0,25-44,
2009,34037,90863.0,25-44,
2010,34037,84070.0,25-44,
2011,34037,92486.0,25-44,
2012,34037,91699.0,25-44,
2013,34037,97134.0,25-44,
2014,34037,98680.0,25-44,
2015,34037,91633.0,25-44,
2016,34037,103451.0,25-44,
2017,34037,93949.0,25-44,
2018,34037,93512.0,25-44,
2019,34037,113723.0,25-44,
2020,34037,,25-44,127158.74204338322
2021,34037,,25-44,139017.46134316188
2022,34037,,25-44,149510.55908429783
2023,34037,,25-44,159190.98542464038
2024,34037,,25-44,168350.96804518282
2025,34037,,25-44,177182.98877484046
2026,34037,,25-44,185807.62321712138
2027,34037,,25-44,194301.21549747014
2028,34037,,25-44,202711.99213982804
2029,34037,,25-44,211070.4330289859
2005,34039,71468.0,25-44,
2006,34039,65041.0,25-44,
2007,34039,61866.0,25-44,
2008,34039,66776.0,25-44,
2009,34039,69025.0,25-44,
2010,34039,71376.0,25-44,
2011,34039,69590.0,25-44,
2012,34039,65012.0,25-44,
2013,34039,61408.0,25-44,
2014,34039,66295.0,25-44,
2015,34039,67379.0,25-44,
2016,34039,73610.0,25-44,
2017,34039,80630.0,25-44,
2018,34039,90935.0,25-44,
2019,34039,75582.0,25-44,
2020,34039,,25-44,64506.931541691316
2021,34039,,25-44,60952.296541006464
2022,34039,,25-44,74844.37913556841
2023,34039,,25-44,76898.63340279661
2024,34039,,25-44,86474.60756981665
2025,34039,,25-44,84482.2652582711
2026,34039,,25-44,78371.03711281976
2027,34039,,25-44,62995.156066698844
2028,34039,,25-44,71464.30305523328
2029,34039,,25-44,78414.32556004926
2005,34041,65582.0,25-44,
2006,34041,64463.0,25-44,
2007,34041,77023.0,25-44,
2008,34041,85248.0,25-44,
2009,34041,76924.0,25-44,
2010,34041,78575.0,25-44,
2011,34041,73637.0,25-44,
2012,34041,82188.0,25-44,
2013,34041,72331.0,25-44,
2014,34041,87168.0,25-44,
2015,34041,76846.0,25-44,
2016,34041,86667.0,25-44,
2017,34041,93548.0,25-44,
2018,34041,90560.0,25-44,
2019,34041,86705.0,25-44,
2020,34041,,25-44,82934.47095079035
2021,34041,,25-44,75038.41706943896
2022,34041,,25-44,69144.78011922102
2023,34041,,25-44,65389.80936132379
2024,34041,,25-44,61634.83860342656
2025,34041,,25-44,57879.86784552933
2026,34041,,25-44,54124.8970876321
2027,34041,,25-44,50369.926329734866
2028,34041,,25-44,46614.955571837636
2029,34041,,25-44,42859.984813940406
2005,34001,62816.0,45-64,
2006,34001,64172.0,45-64,
2007,34001,66116.0,45-64,
2008,34001,63169.0,45-64,
2009,34001,59986.0,45-64,
2010,34001,62825.0,45-64,
2011,34001,57473.0,45-64,
2012,34001,63710.0,45-64,
2013,34001,60844.0,45-64,
2014,34001,69857.0,45-64,
2015,34001,62317.0,45-64,
2016,34001,72553.0,45-64,
2017,34001,74352.0,45-64,
2018,34001,70945.0,45-64,
2019,34001,80149.0,45-64,
2020,34001,,45-64,87133.99920881036
2021,34001,,45-64,93862.88982934869
2022,34001,,45-64,98983.86195917641
2023,34001,,45-64,103580.98837085813
2024,34001,,45-64,107927.91967598183
2025,34001,,45-64,112329.95181234762
2026,34001,,45-64,116814.34617271202
2027,34001,,45-64,121368.03304933044
2028,34001,,45-64,125950.15946114135
2029,34001,,45-64,130537.70826170477
2005,34003,89334.0,45-64,
2006,34003,92642.0,45-64,
2007,34003,98428.0,45-64,
2008,34003,101044.0,45-64,
2009,34003,98903.0,45-64,
2010,34003,96775.0,45-64,
2011,34003,94013.0,45-64,
2012,34003,97709.0,45-64,
2013,34003,101603.0,45-64,
2014,34003,101512.0,45-64,
2015,34003,107949.0,45-64,
2016,34003,115219.0,45-64,
2017,34003,113971.0,45-64,
2018,34003,115512.0,45-64,
2019,34003,131228.0,45-64,
2020,34003,,45-64,146907.08311527318
2021,34003,,45-64,163420.09555602435
2022,34003,,45-64,180537.42809942723
2023,34003,,45-64,197610.73014236763
2024,34003,,45-64,214684.03218530802
2025,34003,,45-64,231757.33422824842
2026,34003,,45-64,248830.63627118882
2027,34003,,45-64,265903.93831412925
2028,34003,,45-64,282977.24035706965
2029,34003,,45-64,300050.54240001005
2005,34007,68490.0,45-64,
2006,34007,67106.0,45-64,
2007,34007,70807.0,45-64,
2008,34007,78485.0,45-64,
2009,34007,73255.0,45-64,
2010,34007,71762.0,45-64,
2011,34007,71843.0,45-64,
2012,34007,72646.0,45-64,
2013,34007,74256.0,45-64,
2014,34007,76794.0,45-64,
2015,34007,82117.0,45-64,
2016,34007,81259.0,45-64,
2017,34007,83061.0,45-64,
2018,34007,82352.0,45-64,
2019,34007,88436.0,45-64,
2020,34007,,45-64,94554.69648582606
2021,34007,,45-64,100653.29665135177
2022,34007,,45-64,107560.87262240698
2023,34007,,45-64,113616.47170128358
2024,34007,,45-64,119194.13590057919
2025,34007,,45-64,124503.69218378334
2026,34007,,45-64,129662.84752798523
2027,34007,,45-64,134737.63220987128
2028,34007,,45-64,139765.08734244178
2029,34007,,45-64,144765.99193982707
2005,34009,66551.0,45-64,
2006,34009,69713.0,45-64,
2007,34009,65081.0,45-64,
2008,34009,76695.0,45-64,
2009,34009,60608.0,45-64,
2010,34009,69143.0,45-64,
2011,34009,71436.0,45-64,
2012,34009,78897.0,45-64,
2013,34009,81259.0,45-64,
2014,34009,76517.0,45-64,
2015,34009,63432.0,45-64,
2016,34009,77982.0,45-64,
2017,34009,80166.0,45-64,
2018,34009,90669.0,45-64,
2019,34009,82853.0,45-64,
2020,34009,,45-64,83340.41198463082
2021,34009,,45-64,86592.48801953637
2022,34009,,45-64,90765.07327703969
2023,34009,,45-64,95244.1468504754
2024,34009,,45-64,99825.26729698642
2025,34009,,45-64,104440.36477871578
2026,34009,,45-64,109066.7750903971
2027,34009,,45-64,113696.95206743634
2028,34009,,45-64,118328.38317522613
2029,34009,,45-64,122960.23185234849
2005,34013,61396.0,45-64,
2006,34013,66579.0,45-64,
2007,34013,67260.0,45-64,
2008,34013,70133.0,45-64,
2009,34013,67205.0,45-64,
2010,34013,64311.0,45-64,
2011,34013,63876.0,45-64,
2012,34013,61535.0,45-64,
2013,34013,66630.0,45-64,
2014,34013,67312.0,45-64,
2015,34013,70066.0,45-64,
2016,34013,66553.0,45-64,
2017,34013,71880.0,45-64,
2018,34013,74789.0,45-64,
2019,34013,76992.0,45-64,
2020,34013,,45-64,79513.74144888269
2021,34013,,45-64,82292.63009958644
2022,34013,,45-64,85278.9743028586
2023,34013,,45-64,88432.6849250016
2024,34013,,45-64,91721.41973820077
2025,34013,,45-64,95119.08639264607
2026,34013,,45-64,98604.63467737149
2027,34013,,45-64,102161.0821670708
2028,34013,,45-64,105774.72815490795
2029,34013,,45-64,109434.51948655299
2005,34015,77663.0,45-64,
2006,34015,80897.0,45-64,
2007,34015,82736.0,45-64,
2008,34015,85587.0,45-64,
2009,34015,81083.0,45-64,
2010,34015,78200.0,45-64,
2011,34015,88214.0,45-64,
2012,34015,90680.0,45-64,
2013,34015,87790.0,45-64,
2014,34015,93196.0,45-64,
2015,34015,91260.0,45-64,
2016,34015,92630.0,45-64,
2017,34015,98686.0,45-64,
2018,34015,95366.0,45-64,
2019,34015,110341.0,45-64,
2020,34015,,45-64,123382.04871833225
2021,34015,,45-64,132492.18635592033
2022,34015,,45-64,141246.3280505944
2023,34015,,45-64,148750.48723038915
2024,34015,,45-64,154936.41837407532
2025,34015,,45-64,161238.01053892155
2026,34015,,45-64,168103.95463971456
2027,34015,,45-64,174813.09412133505
2028,34015,,45-64,181127.56363014824
2029,34015,,45-64,187509.22468085072
2005,34019,107673.0,45-64,
2006,34019,109379.0,45-64,
2007,34019,124344.0,45-64,
2008,34019,120377.0,45-64,
2009,34019,121449.0,45-64,
2010,34019,114770.0,45-64,
2011,34019,110561.0,45-64,
2012,34019,121437.0,45-64,
2013,34019,129419.0,45-64,
2014,34019,135901.0,45-64,
2015,34019,122283.0,45-64,
2016,34019,142827.0,45-64,
2017,34019,151273.0,45-64,
2018,34019,140175.0,45-64,
2019,34019,150968.0,45-64,
2020,34019,,45-64,149651.33161748157
2021,34019,,45-64,150903.27685191884
2022,34019,,45-64,150666.2673795733
2023,34019,,45-64,150817.99697816742
2024,34019,,45-64,150781.01990480322
2025,34019,,45-64,150800.04612862825
2026,34019,,45-64,150794.63593999876
2027,34019,,45-64,150797.08147532502
2028,34019,,45-64,150796.31602088365
2029,34019,,45-64,150796.635768041
2005,34021,84288.0,45-64,
2006,34021,81220.0,45-64,
2007,34021,83194.0,45-64,
2008,34021,95322.0,45-64,
2009,34021,88792.0,45-64,
2010,34021,86863.0,45-64,
2011,34021,91517.0,45-64,
2012,34021,87165.0,45-64,
2013,34021,85017.0,45-64,
2014,34021,92076.0,45-64,
2015,34021,91539.0,45-64,
2016,34021,90986.0,45-64,
2017,34021,96042.0,45-64,
2018,34021,101808.0,45-64,
2019,34021,100199.0,45-64,
2020,34021,,45-64,101441.60339090895
2021,34021,,45-64,101820.85643668253
2022,34021,,45-64,100287.96903696349
2023,34021,,45-64,100229.5289159927
2024,34021,,45-64,100297.30552548898
2025,34021,,45-64,99500.52539219605
2026,34021,,45-64,99413.09687661016
2027,34021,,45-64,99298.47301206796
2028,34021,,45-64,98803.16704513166
2029,34021,,45-64,98599.42187077418
2005,34023,82077.0,45-64,
2006,34023,85899.0,45-64,
2007,34023,86794.0,45-64,
2008,34023,92601.0,45-64,
2009,34023,88646.0,45-64,
2010,34023,88097.0,45-64,
2011,34023,88593.0,45-64,
2012,34023,91022.0,45-64,
2013,34023,90004.0,45-64,
2014,34023,88735.0,45-64,
2015,34023,95363.0,45-64,
2016,34023,99695.0,45-64,
2017,34023,101355.0,45-64,
2018,34023,106179.0,45-64,
2019,34023,113235.0,45-64,
2020,34023,,45-64,119860.85789760078
2021,34023,,45-64,126544.58608693033
2022,34023,,45-64,133073.19598198665
2023,34023,,45-64,139132.95861991664
2024,34023,,45-64,144917.39854955007
2025,34023,,45-64,150540.15982467166
2026,34023,,45-64,156067.97801468964
2027,34023,,45-64,161540.04246630467
2028,34023,,45-64,166979.36646775933
2029,34023,,45-64,172399.46418757967
2005,34027,101707.0,45-64,
2006,34027,105445.0,45-64,
2007,34027,106452.0,45-64,
2008,34027,113954.0,45-64,
2009,34027,113227.0,45-64,
2010,34027,107972.0,45-64,
2011,34027,110311.0,45-64,
2012,34027,111399.0,45-64,
2013,34027,118150.0,45-64,
2014,34027,121327.0,45-64,
2015,34027,121792.0,45-64,
2016,34027,130346.0,45-64,
2017,34027,136638.0,45-64,
2018,34027,138947.0,45-64,
2019,34027,146888.0,45-64,
2020,34027,,45-64,154702.8502121132
2021,34027,,45-64,161996.41425366266
2022,34027,,45-64,169493.15605591674
2023,34027,,45-64,176968.1755644295
2024,34027,,45-64,184430.663490353
2025,34027,,45-64,191899.91859337775
2026,34027,,45-64,199367.96354124692
2027,34027,,45-64,206835.76892016362
2028,34027,,45-64,214303.7837470348
2029,34027,,45-64,221771.74617982164
2005,34029,70226.0,45-64,
2006,34029,76062.0,45-64,
2007,34029,75594.0,45-64,
2008,34029,80840.0,45-64,
2009,34029,76898.0,45-64,
2010,34029,76621.0,45-64,
2011,34029,77882.0,45-64,
2012,34029,76310.0,45-64,
2013,34029,80973.0,45-64,
2014,34029,85282.0,45-64,
2015,34029,82794.0,45-64,
2016,34029,82274.0,45-64,
2017,34029,91558.0,45-64,
2018,34029,93509.0,45-64,
2019,34029,95302.0,45-64,
2020,34029,,45-64,99023.90304038745
2021,34029,,45-64,101974.0236950009
2022,34029,,45-64,105252.60291863835
2023,34029,,45-64,109107.55380684503
2024,34029,,45-64,112985.31677083095
2025,34029,,45-64,116964.90333047998
2026,34029,,45-64,121024.1330592262
2027,34029,,45-64,125040.3414929664
2028,34029,,45-64,129017.8174239884
2029,34029,,45-64,132960.9070826332
2005,34031,59701.0,45-64,
2006,34031,65245.0,45-64,
2007,34031,69641.0,45-64,
2008,34031,72693.0,45-64,
2009,34031,68082.0,45-64,
2010,34031,68004.0,45-64,
2011,34031,69033.0,45-64,
2012,34031,75856.0,45-64,
2013,34031,72697.0,45-64,
2014,34031,80660.0,45-64,
2015,34031,71793.0,45-64,
2016,34031,80098.0,45-64,
2017,34031,80494.0,45-64,
2018,34031,90653.0,45-64,
2019,34031,87232.0,45-64,
2020,34031,,45-64,83810.95648815054
2021,34031,,45-64,80389.86946445165
2022,34031,,45-64,76968.7389289034
2023,34031,,45-64,73547.56488150585
2024,34031,,45-64,70126.34732225904
2025,34031,,45-64,66705.08625116303
2026,34031,,45-64,63283.78166821786
2027,34031,,45-64,59862.433573423594
2028,34031,,45-64,56441.041966780285
2029,34031,,45-64,53019.606848287985
2005,34035,107073.0,45-64,
2006,34035,104674.0,45-64,
2007,34035,117182.0,45-64,
2008,34035,116482.0,45-64,
2009,34035,106276.0,45-64,
2010,34035,112543.0,45-64,
2011,34035,114336.0,45-64,
2012,34035,111977.0,45-64,
2013,34035,112418.0,45-64,
2014,34035,122853.0,45-64,
2015,34035,118728.0,45-64,
2016,34035,132231.0,45-64,
2017,34035,141709.0,45-64,
2018,34035,152424.0,45-64,
2019,34035,150608.0,45-64,
2020,34035,,45-64,151986.4638450843
2021,34035,,45-64,154097.00875787003
2022,34035,,45-64,158014.83626101658
2023,34035,,45-64,163000.04953059487
2024,34035,,45-64,168852.85429601645
2025,34035,,45-64,175274.36332408653
2026,34035,,45-64,182095.8029762354
2027,34035,,45-64,189185.02852292685
2028,34035,,45-64,196456.56392101521
2029,34035,,45-64,203850.7522061348
2005,34039,77372.0,45-64,
2006,34039,78465.0,45-64,
2007,34039,73959.0,45-64,
2008,34039,80826.0,45-64,
2009,34039,81982.0,45-64,
2010,34039,81059.0,45-64,
2011,34039,78751.0,45-64,
2012,34039,79047.0,45-64,
2013,34039,83523.0,45-64,
2014,34039,88085.0,45-64,
2015,34039,90724.0,45-64,
2016,34039,83880.0,45-64,
2017,34039,93855.0,45-64,
2018,34039,96998.0,45-64,
2019,34039,96284.0,45-64,
2020,34039,,45-64,96846.97832007466
2021,34039,,45-64,97391.65316357599
2022,34039,,45-64,97363.04962872606
2023,34039,,45-64,97365.14063703833
2024,34039,,45-64,97428.28794202763
2025,34039,,45-64,97437.5996567409
2026,34039,,45-64,97433.3572802506
2027,34039,,45-64,97438.52425832945
2028,34039,,45-64,97441.00995727978
2029,34039,,45-64,97440.52271175892
2005,34001,30697.0,65-plus,
2006,34001,33374.0,65-plus,
2007,34001,31358.0,65-plus,
2008,34001,37489.0,65-plus,
2009,34001,35189.0,65-plus,
2010,34001,36336.0,65-plus,
2011,34001,38092.0,65-plus,
2012,34001,39246.0,65-plus,
2013,34001,39980.0,65-plus,
2014,34001,42911.0,65-plus,
2015,34001,42504.0,65-plus,
2016,34001,40581.0,65-plus,
2017,34001,45378.0,65-plus,
2018,34001,53520.0,65-plus,
2019,34001,49792.0,65-plus,
2020,34001,,65-plus,46802.10500705343
2021,34001,,65-plus,48145.56558844439
2022,34001,,65-plus,47552.48518312019
2023,34001,,65-plus,48323.69397630788
2024,34001,,65-plus,48851.25750351964
2025,34001,,65-plus,49422.33307766194
2026,34001,,65-plus,49985.63793555207
2027,34001,,65-plus,50550.33054776155
2028,34001,,65-plus,51114.77532412316
2029,34001,,65-plus,51679.264360918074
2005,34003,38760.0,65-plus,
2006,34003,41393.0,65-plus,
2007,34003,48279.0,65-plus,
2008,34003,51069.0,65-plus,
2009,34003,45699.0,65-plus,
2010,34003,44815.0,65-plus,
2011,34003,45100.0,65-plus,
2012,34003,52540.0,65-plus,
2013,34003,50094.0,65-plus,
2014,34003,53419.0,65-plus,
2015,34003,56396.0,65-plus,
2016,34003,58324.0,65-plus,
2017,34003,58601.0,65-plus,
2018,34003,60163.0,65-plus,
2019,34003,75350.0,65-plus,
2020,34003,,65-plus,
2021,34003,,65-plus,
2022,34003,,65-plus,
2023,34003,,65-plus,
2024,34003,,65-plus,
2025,34003,,65-plus,
2026,34003,,65-plus,
2027,34003,,65-plus,
2028,34003,,65-plus,
2029,34003,,65-plus,
2005,34007,33115.0,65-plus,
2006,34007,31491.0,65-plus,
2007,34007,36097.0,65-plus,
2008,34007,35479.0,65-plus,
2009,34007,37315.0,65-plus,
2010,34007,36360.0,65-plus,
2011,34007,35177.0,65-plus,
2012,34007,35125.0,65-plus,
2013,34007,40172.0,65-plus,
2014,34007,40163.0,65-plus,
2015,34007,44090.0,65-plus,
2016,34007,46787.0,65-plus,
2017,34007,45655.0,65-plus,
2018,34007,48470.0,65-plus,
2019,34007,55038.0,65-plus,
2020,34007,,65-plus,61204.04611585484
2021,34007,,65-plus,67200.16311984169
2022,34007,,65-plus,72990.46896704899
2023,34007,,65-plus,78946.3234568021
2024,34007,,65-plus,84902.17794655521
2025,34007,,65-plus,90858.03243630832
2026,34007,,65-plus,96813.88692606143
2027,34007,,65-plus,102769.74141581454
2028,34007,,65-plus,108725.59590556765
2029,34007,,65-plus,114681.45039532076
2005,34009,27915.0,65-plus,
2006,34009,31422.0,65-plus,
2007,34009,39869.0,65-plus,
2008,34009,40047.0,65-plus,
2009,34009,41890.0,65-plus,
2010,34009,35187.0,65-plus,
2011,34009,41906.0,65-plus,
2012,34009,39151.0,65-plus,
2013,34009,41655.0,65-plus,
2014,34009,41250.0,65-plus,
2015,34009,45599.0,65-plus,
2016,34009,41671.0,65-plus,
2017,34009,57284.0,65-plus,
2018,34009,54050.0,65-plus,
2019,34009,61800.0,65-plus,
2020,34009,,65-plus,62788.10215575477
2021,34009,,65-plus,68068.70122952317
2022,34009,,65-plus,70624.39522256225
2023,34009,,65-plus,74909.87675902965
2024,34009,,65-plus,78097.27786452697
2025,34009,,65-plus,81981.74759990335
2026,34009,,65-plus,85423.71361601009
2027,34009,,65-plus,89146.58388339757
2028,34009,,65-plus,92691.1342972981
2029,34009,,65-plus,96348.88331891861
2005,34011,23883.0,65-plus,
2006,34011,26371.0,65-plus,
2007,34011,28647.0,65-plus,
2008,34011,27085.0,65-plus,
2009,34011,29521.0,65-plus,
2010,34011,31689.0,65-plus,
2011,34011,32543.0,65-plus,
2012,34011,29015.0,65-plus,
2013,34011,32724.0,65-plus,
2014,34011,37523.0,65-plus,
2015,34011,35251.0,65-plus,
2016,34011,38223.0,65-plus,
2017,34011,43213.0,65-plus,
2018,34011,36350.0,65-plus,
2019,34011,48186.0,65-plus,
2020,34011,,65-plus,52899.84083229832
2021,34011,,65-plus,55197.16842433744
2022,34011,,65-plus,57892.39641643589
2023,34011,,65-plus,60846.6877759921
2024,34011,,65-plus,63791.386947693754
2025,34011,,65-plus,66711.68141910218
2026,34011,,65-plus,69630.35723598549
2027,34011,,65-plus,72551.07512084527
2028,34011,,65-plus,75472.14740772553
2029,34011,,65-plus,78393.07112958567
2005,34013,28142.0,65-plus,
2006,34013,31599.0,65-plus,
2007,34013,34478.0,65-plus,
2008,34013,32060.0,65-plus,
2009,34013,35544.0,65-plus,
2010,34013,36266.0,65-plus,
2011,34013,33168.0,65-plus,
2012,34013,34891.0,65-plus,
2013,34013,37325.0,65-plus,
2014,34013,34660.0,65-plus,
2015,34013,34213.0,65-plus,
2016,34013,42870.0,65-plus,
2017,34013,44734.0,65-plus,
2018,34013,49746.0,65-plus,
2019,34013,50437.0,65-plus,
2020,34013,,65-plus,50455.17844454325
2021,34013,,65-plus,50455.17844454325
2022,34013,,65-plus,50455.17844454325
2023,34013,,65-plus,50455.17844454325
2024,34013,,65-plus,50455.17844454325
2025,34013,,65-plus,50455.17844454325
2026,34013,,65-plus,50455.17844454325
2027,34013,,65-plus,50455.17844454325
2028,34013,,65-plus,50455.17844454325
2029,34013,,65-plus,50455.17844454325
2005,34015,31445.0,65-plus,
2006,34015,29700.0,65-plus,
2007,34015,32114.0,65-plus,
2008,34015,37322.0,65-plus,
2009,34015,40306.0,65-plus,
2010,34015,40870.0,65-plus,
2011,34015,40525.0,65-plus,
2012,34015,41225.0,65-plus,
2013,34015,44625.0,65-plus,
2014,34015,46457.0,65-plus,
2015,34015,45080.0,65-plus,
2016,34015,47507.0,65-plus,
2017,34015,50332.0,65-plus,
2018,34015,49393.0,65-plus,
2019,34015,50418.0,65-plus,
2020,34015,,65-plus,51635.83199525715
2021,34015,,65-plus,52545.315328239645
2022,34015,,65-plus,53182.50114817728
2023,34015,,65-plus,53500.888203964794
2024,34015,,65-plus,54175.70412355077
2025,34015,,65-plus,55027.50402244535
2026,34015,,65-plus,55402.05104891527
2027,34015,,65-plus,55741.12003847784
2028,34015,,65-plus,56252.71442553188
2029,34015,,65-plus,56751.64361638097
2005,34023,34809.0,65-plus,
2006,34023,37588.0,65-plus,
2007,34023,36450.0,65-plus,
2008,34023,41600.0,65-plus,
2009,34023,40811.0,65-plus,
2010,34023,48138.0,65-plus,
2011,34023,41669.0,65-plus,
2012,34023,44381.0,65-plus,
2013,34023,45870.0,65-plus,
2014,34023,50236.0,65-plus,
2015,34023,50251.0,65-plus,
2016,34023,50825.0,65-plus,
2017,34023,53122.0,65-plus,
2018,34023,57013.0,65-plus,
2019,34023,60116.0,65-plus,
2020,34023,,65-plus,63470.52239477408
2021,34023,,65-plus,66933.16843307177
2022,34023,,65-plus,70442.29431782338
2023,34023,,65-plus,73971.40081047884
2024,34023,,65-plus,77509.09650302769
2025,34023,,65-plus,81050.48449338668
2026,34023,,65-plus,84593.45971693246
2027,34023,,65-plus,88137.11725520983
2028,34023,,65-plus,91681.06810476421
2029,34023,,65-plus,95225.14504203331
2005,34025,37593.0,65-plus,
2006,34025,40221.0,65-plus,
2007,34025,41655.0,65-plus,
2008,34025,45318.0,65-plus,
2009,34025,45515.0,65-plus,
2010,34025,44653.0,65-plus,
2011,34025,43820.0,65-plus,
2012,34025,53705.0,65-plus,
2013,34025,54847.0,65-plus,
2014,34025,54217.0,65-plus,
2015,34025,56238.0,65-plus,
2016,34025,55055.0,65-plus,
2017,34025,62000.0,65-plus,
2018,34025,64848.0,65-plus,
2019,34025,71304.0,65-plus,
2020,34025,,65-plus,71029.26348264671
2021,34025,,65-plus,69737.37841159415
2022,34025,,65-plus,73722.27820272866
2023,34025,,65-plus,74934.0539438553
2024,34025,,65-plus,77603.19760836259
2025,34025,,65-plus,79506.44648208588
2026,34025,,65-plus,81812.19826611706
2027,34025,,65-plus,83906.42152853435
2028,34025,,65-plus,86111.80998829626
2029,34025,,65-plus,88258.77747954582
2005,34027,41658.0,65-plus,
2006,34027,46336.0,65-plus,
2007,34027,53804.0,65-plus,
2008,34027,58070.0,65-plus,
2009,34027,53186.0,65-plus,
2010,34027,53270.0,65-plus,
2011,34027,55927.0,65-plus,
2012,34027,58266.0,65-plus,
2013,34027,62060.0,65-plus,
2014,34027,60498.0,65-plus,
2015,34027,58119.0,65-plus,
2016,34027,66458.0,65-plus,
2017,34027,74282.0,65-plus,
2018,34027,73007.0,65-plus,
2019,34027,78065.0,65-plus,
2020,34027,,65-plus,81116.07326836669
2021,34027,,65-plus,83783.82806515126
2022,34027,,65-plus,88289.82246260812
2023,34027,,65-plus,92215.21344457315
2024,34027,,65-plus,96021.0445706288
2025,34027,,65-plus,99802.25551918693
2026,34027,,65-plus,103578.39659596077
2027,34027,,65-plus,107353.49366726748
2028,34027,,65-plus,111128.37575337106
2029,34027,,65-plus,114903.21356898083
2005,34031,26953.0,65-plus,
2006,34031,32322.0,65-plus,
2007,34031,30643.0,65-plus,
2008,34031,33527.0,65-plus,
2009,34031,35993.0,65-plus,
2010,34031,34810.0,65-plus,
2011,34031,37197.0,65-plus,
2012,34031,39559.0,65-plus,
2013,34031,43276.0,65-plus,
2014,34031,39545.0,65-plus,
2015,34031,38670.0,65-plus,
2016,34031,41932.0,65-plus,
2017,34031,48926.0,65-plus,
2018,34031,49998.0,65-plus,
2019,34031,56263.0,65-plus,
2020,34031,,65-plus,57809.0481206352
2021,34031,,65-plus,57809.0481206352
2022,34031,,65-plus,57809.0481206352
2023,34031,,65-plus,57809.0481206352
2024,34031,,65-plus,57809.0481206352
2025,34031,,65-plus,57809.0481206352
2026,34031,,65-plus,57809.0481206352
2027,34031,,65-plus,57809.0481206352
2028,34031,,65-plus,57809.0481206352
2029,34031,,65-plus,57809.0481206352
2005,34035,41176.0,65-plus,
2006,34035,47245.0,65-plus,
2007,34035,55524.0,65-plus,
2008,34035,49271.0,65-plus,
2009,34035,52093.0,65-plus,
2010,34035,58291.0,65-plus,
2011,34035,52898.0,65-plus,
2012,34035,60189.0,65-plus,
2013,34035,57545.0,65-plus,
2014,34035,54302.0,65-plus,
2015,34035,56779.0,65-plus,
2016,34035,59855.0,65-plus,
2017,34035,60868.0,65-plus,
2018,34035,67178.0,65-plus,
2019,34035,77109.0,65-plus,
2020,34035,,65-plus,85069.39698581141
2021,34035,,65-plus,93029.79397162283
2022,34035,,65-plus,100990.19095743424
2023,34035,,65-plus,108950.58794324566
2024,34035,,65-plus,116910.98492905707
2025,34035,,65-plus,124871.38191486849
2026,34035,,65-plus,132831.7789006799
2027,34035,,65-plus,140792.1758864913
2028,34035,,65-plus,148752.57287230273
2029,34035,,65-plus,156712.96985811414
2005,34037,40403.0,65-plus,
2006,34037,44524.0,65-plus,
2007,34037,34669.0,65-plus,
2008,34037,40927.0,65-plus,
2009,34037,48245.0,65-plus,
2010,34037,51427.0,65-plus,
2011,34037,56000.0,65-plus,
2012,34037,51065.0,65-plus,
2013,34037,47973.0,65-plus,
2014,34037,58288.0,65-plus,
2015,34037,58830.0,65-plus,
2016,34037,68643.0,65-plus,
2017,34037,62754.0,65-plus,
2018,34037,67165.0,65-plus,
2019,34037,70608.0,65-plus,
2020,34037,,65-plus,83884.1928690401
2021,34037,,65-plus,77062.15693835111
2022,34037,,65-plus,80216.89271808791
2023,34037,,65-plus,84546.03331894249
2024,34037,,65-plus,98589.74421772941
2025,34037,,65-plus,92866.94025534
2026,34037,,65-plus,95492.5927873467
2027,34037,,65-plus,98861.64211225628
2028,34037,,65-plus,113488.53622312499
2029,34037,,65-plus,109774.39980444632
2005,34003,71394.0,overall,
2006,34003,75851.0,overall,
2007,34003,80482.0,overall,
2008,34003,82361.0,overall,
2009,34003,80900.0,overall,
2010,34003,77389.0,overall,
2011,34003,79272.0,overall,
2012,34003,82729.0,overall,
2013,34003,81670.0,overall,
2014,34003,84677.0,overall,
2015,34003,89023.0,overall,
2016,34003,93683.0,overall,
2017,34003,94107.0,overall,
2018,34003,100361.0,overall,
2019,34003,108827.0,overall,
2020,34003,,overall,117292.99944362993
2021,34003,,overall,125758.99892914014
2022,34003,,overall,134224.99846476738
2023,34003,,overall,142690.9980003946
2024,34003,,overall,151156.99753602187
2025,34003,,overall,159622.99707164912
2026,34003,,overall,168088.99660727638
2027,34003,,overall,176554.99614290363
2028,34003,,overall,185020.9956785309
2029,34003,,overall,193486.99521415815
2005,34005,69042.0,overall,
2006,34005,68090.0,overall,
2007,34005,73566.0,overall,
2008,34005,77470.0,overall,
2009,34005,74924.0,overall,
2010,34005,74329.0,overall,
2011,34005,72896.0,overall,
2012,34005,74693.0,overall,
2013,34005,77398.0,overall,
2014,34005,80896.0,overall,
2015,34005,74800.0,overall,
2016,34005,80254.0,overall,
2017,34005,87673.0,overall,
2018,34005,84889.0,overall,
2019,34005,88797.0,overall,
2020,34005,,overall,91868.14563109569
2021,34005,,overall,94570.33074385868
2022,34005,,overall,97803.60500992066
2023,34005,,overall,100670.29476985753
2024,34005,,overall,103816.18492988551
2025,34005,,overall,106749.4287229543
2026,34005,,overall,109844.62958114974
2027,34005,,overall,112816.47967949197
2028,34005,,overall,115882.27696034497
2029,34005,,overall,118876.52159642939
2005,34007,53511.0,overall,
2006,34007,56913.0,overall,
2007,34007,59288.0,overall,
2008,34007,61066.0,overall,
2009,34007,60946.0,overall,
2010,34007,57352.0,overall,
2011,34007,57784.0,overall,
2012,34007,59280.0,overall,
2013,34007,58006.0,overall,
2014,34007,62330.0,overall,
2015,34007,65025.0,overall,
2016,34007,66362.0,overall,
2017,34007,66196.0,overall,
2018,34007,67523.0,overall,
2019,34007,73672.0,overall,
2020,34007,,overall,79903.47952921208
2021,34007,,overall,86165.5451304295
2022,34007,,overall,92438.9530345147
2023,34007,,overall,98716.56703065129
2024,34007,,overall,104995.74078150003
2025,34007,,overall,111275.49293974746
2026,34007,,overall,117555.45959013025
2027,34007,,overall,123835.505781121
2028,34007,,overall,130115.58146833687
2029,34007,,overall,136395.6680937052
2005,34009,51744.0,overall,
2006,34009,50024.0,overall,
2007,34009,51995.0,overall,
2008,34009,60176.0,overall,
2009,34009,50184.0,overall,
2010,34009,53392.0,overall,
2011,34009,53256.0,overall,
2012,34009,57001.0,overall,
2013,34009,60560.0,overall,
2014,34009,56899.0,overall,
2015,34009,57116.0,overall,
2016,34009,62548.0,overall,
2017,34009,66953.0,overall,
2018,34009,67007.0,overall,
2019,34009,69980.0,overall,
2020,34009,,overall,71980.0380011205
2021,34009,,overall,70971.1690325885
2022,34009,,overall,76104.23706329623
2023,34009,,overall,81237.30509400395
2024,34009,,overall,86370.37312471168
2025,34009,,overall,91503.44115541941
2026,34009,,overall,96636.50918612714
2027,34009,,overall,101769.57721683486
2028,34009,,overall,106902.64524754259
2029,34009,,overall,112035.71327825032
2005,34011,46064.0,overall,
2006,34011,47443.0,overall,
2007,34011,47883.0,overall,
2008,34011,50833.0,overall,
2009,34011,48959.0,overall,
2010,34011,51619.0,overall,
2011,34011,51548.0,overall,
2012,34011,47072.0,overall,
2013,34011,45978.0,overall,
2014,34011,45339.0,overall,
2015,34011,51315.0,overall,
2016,34011,49110.0,overall,
2017,34011,52627.0,overall,
2018,34011,52795.0,overall,
2019,34011,54587.0,overall,
2020,34011,,overall,56204.13931915403
2021,34011,,overall,57423.38535631945
2022,34011,,overall,59490.02404489438
2023,34011,,overall,61173.670840546096
2024,34011,,overall,62481.378444472386
2025,34011,,overall,64005.919549732855
2026,34011,,overall,65809.50449491428
2027,34011,,overall,67442.01930752737
2028,34011,,overall,68886.73222736084
2029,34011,,overall,70458.605886661
2005,34013,49460.0,overall,
2006,34013,51879.0,overall,
2007,34013,53499.0,overall,
2008,34013,55105.0,overall,
2009,34013,54085.0,overall,
2010,34013,52394.0,overall,
2011,34013,51009.0,overall,
2012,34013,51009.0,overall,
2013,34013,53610.0,overall,
2014,34013,54754.0,overall,
2015,34013,52041.0,overall,
2016,34013,54277.0,overall,
2017,34013,60430.0,overall,
2018,34013,63368.0,overall,
2019,34013,64626.0,overall,
2020,34013,,overall,66045.5715507585
2021,34013,,overall,67467.930042362
2022,34013,,overall,68882.17837441666
2023,34013,,overall,70299.77794389043
2024,34013,,overall,71716.29065741746
2025,34013,,overall,73133.12498573512
2026,34013,,overall,74549.86821916608
2027,34013,,overall,75966.63666490799
2028,34013,,overall,77383.39822176783
2029,34013,,overall,78800.16164712362
2005,34015,64484.0,overall,
2006,34015,66759.0,overall,
2007,34015,70881.0,overall,
2008,34015,70837.0,overall,
2009,34015,70487.0,overall,
2010,34015,70514.0,overall,
2011,34015,71850.0,overall,
2012,34015,72930.0,overall,
2013,34015,71355.0,overall,
2014,34015,79704.0,overall,
2015,34015,77565.0,overall,
2016,34015,79879.0,overall,
2017,34015,86496.0,overall,
2018,34015,81849.0,overall,
2019,34015,89447.0,overall,
2020,34015,,overall,95592.56975260482
2021,34015,,overall,101681.38074812712
2022,34015,,overall,107749.84530564414
2023,34015,,overall,113830.57730441952
2024,34015,,overall,119910.42538953004
2025,34015,,overall,125990.18541475048
2026,34015,,overall,132069.9143974908
2027,34015,,overall,138149.6548867412
2028,34015,,overall,144229.39505160018
2029,34015,,overall,150309.13512779571
2005,34017,44440.0,overall,
2006,34017,49557.0,overall,
2007,34017,51656.0,overall,
2008,34017,55465.0,overall,
2009,34017,56745.0,overall,
2010,34017,54817.0,overall,
2011,34017,56546.0,overall,
2012,34017,57539.0,overall,
2013,34017,56079.0,overall,
2014,34017,58479.0,overall,
2015,34017,60530.0,overall,
2016,34017,63808.0,overall,
2017,34017,67154.0,overall,
2018,34017,74414.0,overall,
2019,34017,78808.0,overall,
2020,34017,,overall,83196.8744632873
2021,34017,,overall,87687.16154669708
2022,34017,,overall,92145.88056630724
2023,34017,,overall,96155.18296124347
2024,34017,,overall,100341.69460072939
2025,34017,,overall,104458.33095160832
2026,34017,,overall,108602.51979259755
2027,34017,,overall,112735.8444249887
2028,34017,,overall,116873.45291803963
2029,34017,,overall,121009.3722441359
2005,34021,64657.0,overall,
2006,34021,65305.0,overall,
2007,34021,70258.0,overall,
2008,34021,73800.0,overall,
2009,34021,71650.0,overall,
2010,34021,70956.0,overall,
2011,34021,73890.0,overall,
2012,34021,67991.0,overall,
2013,34021,70857.0,overall,
2014,34021,74961.0,overall,
2015,34021,72417.0,overall,
2016,34021,77650.0,overall,
2017,34021,79173.0,overall,
2018,34021,80632.0,overall,
2019,34021,79492.0,overall,
2020,34021,,overall,78262.69128789983
2021,34021,,overall,77213.6396343082
2022,34021,,overall,76203.96398291884
2023,34021,,overall,75444.40079123364
2024,34021,,overall,74684.83759954844
2025,34021,,overall,73925.27440786324
2026,34021,,overall,73165.71121617804
2027,34021,,overall,72406.14802449284
2028,34021,,overall,71646.58483280764
2029,34021,,overall,70887.02164112244
2005,34023,68080.0,overall,
2006,34023,72669.0,overall,
2007,34023,75393.0,overall,
2008,34023,77179.0,overall,
2009,34023,75531.0,overall,
2010,34023,76443.0,overall,
2011,34023,74522.0,overall,
2012,34023,77478.0,overall,
2013,34023,76848.0,overall,
2014,34023,77682.0,overall,
2015,34023,78643.0,overall,
2016,34023,82375.0,overall,
2017,34023,85337.0,overall,
2018,34023,88217.0,overall,
2019,34023,93418.0,overall,
2020,34023,,overall,98706.3845871857
2021,34023,,overall,104133.22655765423
2022,34023,,overall,109699.47832151745
2023,34023,,overall,115265.73008538068
2024,34023,,overall,120831.98184924391
2025,34023,,overall,126398.23361310714
2026,34023,,overall,131964.48537697035
2027,34023,,overall,137530.73714083357
2028,34023,,overall,143096.9889046968
2029,34023,,overall,148663.24066856003
2005,34025,74798.0,overall,
2006,34025,77160.0,overall,
2007,34025,78247.0,overall,
2008,34025,82736.0,overall,
2009,34025,80553.0,overall,
2010,34025,80816.0,overall,
2011,34025,79334.0,overall,
2012,34025,81308.0,overall,
2013,34025,83749.0,overall,
2014,34025,88413.0,overall,
2015,34025,87092.0,overall,
2016,34025,90226.0,overall,
2017,34025,98270.0,overall,
2018,34025,99642.0,overall,
2019,34025,102870.0,overall,
2020,34025,,overall,106504.21841496741
2021,34025,,overall,109536.90552019342
2022,34025,,overall,112716.58204510326
2023,34025,,overall,115896.2585700131
2024,34025,,overall,119075.93509492294
2025,34025,,overall,122255.61161983278
2026,34025,,overall,125435.28814474262
2027,34025,,overall,128614.96466965246
2028,34025,,overall,131794.64119456228
2029,34025,,overall,134974.3177194721
2005,34027,84010.0,overall,
2006,34027,89587.0,overall,
2007,34027,94684.0,overall,
2008,34027,99706.0,overall,
2009,34027,96787.0,overall,
2010,34027,91469.0,overall,
2011,34027,91332.0,overall,
2012,34027,95294.0,overall,
2013,34027,100176.0,overall,
2014,34027,100579.0,overall,
2015,34027,101661.0,overall,
2016,34027,106985.0,overall,
2017,34027,114732.0,overall,
2018,34027,112288.0,overall,
2019,34027,116283.0,overall,
2020,34027,,overall,116697.16497787627
2021,34027,,overall,116922.21842381044
2022,34027,,overall,117044.510399792
2023,34027,,overall,117110.96273660201
2024,34027,,overall,117147.07232623019
2025,34027,,overall,117166.69394566011
2026,34027,,overall,117177.35615348404
2027,34027,,overall,117183.14989931052
2028,34027,,overall,117186.29816759191
2029,34027,,overall,117188.00890766726
2005,34029,52065.0,overall,
2006,34029,54820.0,overall,
2007,34029,56281.0,overall,
2008,34029,59356.0,overall,
2009,34029,59706.0,overall,
2010,34029,57128.0,overall,
2011,34029,56929.0,overall,
2012,34029,59312.0,overall,
2013,34029,60227.0,overall,
2014,34029,63653.0,overall,
2015,34029,63765.0,overall,
2016,34029,62222.0,overall,
2017,34029,71081.0,overall,
2018,34029,68551.0,overall,
2019,34029,76093.0,overall,
2020,34029,,overall,83634.99544633062
2021,34029,,overall,91176.99168025235
2022,34029,,overall,98718.9889287403
2023,34029,,overall,106260.98515262977
2024,34029,,overall,113802.98193168307
2025,34029,,overall,121344.97871073594
2026,34029,,overall,128886.97548978886
2027,34029,,overall,136428.97226884187
2028,34029,,overall,143970.9690478948
2029,34029,,overall,151512.96582694774
2005,34031,51016.0,overall,
2006,34031,49940.0,overall,
2007,34031,54551.0,overall,
2008,34031,56816.0,overall,
2009,34031,51828.0,overall,
2010,34031,53993.0,overall,
2011,34031,52382.0,overall,
2012,34031,59050.0,overall,
2013,34031,58898.0,overall,
2014,34031,58804.0,overall,
2015,34031,55954.0,overall,
2016,34031,62016.0,overall,
2017,34031,64233.0,overall,
2018,34031,75259.0,overall,
2019,34031,77040.0,overall,
2020,34031,,overall,80648.7805714195
2021,34031,,overall,83407.0458683295
2022,34031,,overall,86078.3941146898
2023,34031,,overall,89500.6815719407
2024,34031,,overall,92283.29081578134
2025,34031,,overall,95610.8019781494
2026,34031,,overall,98474.1452282918
2027,34031,,overall,101732.88413298092
2028,34031,,overall,104654.81017422846
2029,34031,,overall,107863.6460579976
2005,34033,53139.0,overall,
2006,34033,58164.0,overall,
2007,34033,54992.0,overall,
2008,34033,60200.0,overall,
2009,34033,51907.0,overall,
2010,34033,56357.0,overall,
2011,34033,53926.0,overall,
2012,34033,60360.0,overall,
2013,34033,61943.0,overall,
2014,34033,57377.0,overall,
2015,34033,68830.0,overall,
2016,34033,53662.0,overall,
2017,34033,61250.0,overall,
2018,34033,65733.0,overall,
2019,34033,68531.0,overall,
2020,34033,,overall,
2021,34033,,overall,
2022,34033,,overall,
2023,34033,,overall,
2024,34033,,overall,
2025,34033,,overall,
2026,34033,,overall,
2027,34033,,overall,
2028,34033,,overall,
2029,34033,,overall,
2005,34035,88532.0,overall,
2006,34035,91688.0,overall,
2007,34035,97658.0,overall,
2008,34035,100608.0,overall,
2009,34035,89871.0,overall,
2010,34035,94270.0,overall,
2011,34035,96360.0,overall,
2012,34035,95825.0,overall,
2013,34035,97219.0,overall,
2014,34035,100301.0,overall,
2015,34035,98440.0,overall,
2016,34035,104478.0,overall,
2017,34035,112153.0,overall,
2018,34035,121378.0,overall,
2019,34035,111587.0,overall,
2020,34035,,overall,99631.48763256265
2021,34035,,overall,84429.8624582627
2022,34035,,overall,66426.29712540559
2023,34035,,overall,48422.73179254848
2024,34035,,overall,30419.166459691372
2025,34035,,overall,12415.601126834263
2026,34035,,overall,-5587.964206022847
2027,34035,,overall,-23591.529538879957
2028,34035,,overall,-41595.09487173706
2029,34035,,overall,-59598.66020459417
2005,34037,74420.0,overall,
2006,34037,78488.0,overall,
2007,34037,78558.0,overall,
2008,34037,79058.0,overall,
2009,34037,80120.0,overall,
2010,34037,84115.0,overall,
2011,34037,83839.0,overall,
2012,34037,86625.0,overall,
2013,34037,88407.0,overall,
2014,34037,82075.0,overall,
2015,34037,85086.0,overall,
2016,34037,87829.0,overall,
2017,34037,90026.0,overall,
2018,34037,92818.0,overall,
2019,34037,101130.0,overall,
2020,34037,,overall,106765.8803575666
2021,34037,,overall,114072.42131941105
2022,34037,,overall,121632.66067460629
2023,34037,,overall,126956.81414681899
2024,34037,,overall,134238.1946952375
2025,34037,,overall,141566.74459602064
2026,34037,,overall,147138.66004447849
2027,34037,,overall,154381.11046942003
2028,34037,,overall,161531.04530127157
2029,34037,,overall,167311.03919708636
2005,34041,60825.0,overall,
2006,34041,62087.0,overall,
2007,34041,65930.0,overall,
2008,34041,76368.0,overall,
2009,34041,71162.0,overall,
2010,34041,71832.0,overall,
2011,34041,66594.0,overall,
2012,34041,71086.0,overall,
2013,34041,67208.0,overall,
2014,34041,71444.0,overall,
2015,34041,71277.0,overall,
2016,34041,74867.0,overall,
2017,34041,80657.0,overall,
2018,34041,77452.0,overall,
2019,34041,84479.0,overall,
2020,34041,,overall,91505.99513249657
2021,34041,,overall,98532.99077146749
2022,34041,,overall,105559.98589235875
2023,34041,,overall,112586.98101325007
2024,34041,,overall,119613.9761341414
2025,34041,,overall,126640.97125503272
2026,34041,,overall,133667.96637592404
2027,34041,,overall,140694.96149681535
2028,34041,,overall,147721.95661770666
2029,34041,,overall,154748.95173859797
2005,34003,41035.0,under-25,
2006,34003,45231.0,under-25,
2007,34003,52170.0,under-25,
2008,34003,56220.0,under-25,
2009,34003,57853.0,under-25,
2010,34003,39489.0,under-25,
2011,34003,34311.0,under-25,
2012,34003,50361.0,under-25,
2013,34003,41182.0,under-25,
2014,34003,43819.0,under-25,
2015,34003,48377.0,under-25,
2016,34003,47468.0,under-25,
2017,34003,52017.0,under-25,
2018,34003,55662.0,under-25,
2019,34003,62495.0,under-25,
2020,34003,,under-25,65882.9846253572
2021,34003,,under-25,64753.41306011249
2022,34003,,under-25,66897.9708524622
2023,34003,,under-25,69042.52864481189
2024,34003,,under-25,71187.08643716158
2025,34003,,under-25,73331.64422951126
2026,34003,,under-25,75476.20202186095
2027,34003,,under-25,77620.75981421064
2028,34003,,under-25,79765.31760656033
2029,34003,,under-25,81909.87539891002
2005,34005,25299.0,under-25,
2006,34005,50738.0,under-25,
2007,34005,42854.0,under-25,
2008,34005,22979.0,under-25,
2009,34005,25203.0,under-25,
2010,34005,33173.0,under-25,
2011,34005,32759.0,under-25,
2012,34005,36866.0,under-25,
2013,34005,51968.0,under-25,
2014,34005,52660.0,under-25,
2015,34005,36467.0,under-25,
2016,34005,41023.0,under-25,
2017,34005,45959.0,under-25,
2018,34005,47701.0,under-25,
2019,34005,50079.0,under-25,
2020,34005,,under-25,51144.52166248331
2021,34005,,under-25,57464.45568558485
2022,34005,,under-25,59756.46153840397
2023,34005,,under-25,62048.467391223094
2024,34005,,under-25,64340.473244042216
2025,34005,,under-25,66632.47909686134
2026,34005,,under-25,68924.48494968045
2027,34005,,under-25,71216.49080249957
2028,34005,,under-25,73508.49665531868
2029,34005,,under-25,75800.5025081378
2005,34007,30994.0,under-25,
2006,34007,30913.0,under-25,
2007,34007,28841.0,under-25,
2008,34007,30667.0,under-25,
2009,34007,24984.0,under-25,
2010,34007,32918.0,under-25,
2011,34007,22310.0,under-25,
2012,34007,23860.0,under-25,
2013,34007,17360.0,under-25,
2014,34007,28707.0,under-25,
2015,34007,22315.0,under-25,
2016,34007,35098.0,under-25,
2017,34007,26274.0,under-25,
2018,34007,30040.0,under-25,
2019,34007,36765.0,under-25,
2020,34007,,under-25,30927.45042584168
2021,34007,,under-25,43215.6614523174
2022,34007,,under-25,33576.72255514773
2023,34007,,under-25,43236.53142861461
2024,34007,,under-25,35910.92875468187
2025,34007,,under-25,43534.70045795621
2026,34007,,under-25,38001.075671528786
2027,34007,,under-25,44047.67344285358
2028,34007,,under-25,39902.16713097057
2029,34007,,under-25,44727.03985324531
2005,34009,47132.0,under-25,
2006,34009,14750.0,under-25,
2007,34009,30938.0,under-25,
2008,34009,63211.0,under-25,
2009,34009,26959.0,under-25,
2010,34009,36259.0,under-25,
2011,34009,27094.0,under-25,
2012,34009,29492.0,under-25,
2013,34009,37095.0,under-25,
2014,34009,26710.0,under-25,
2016,34009,26229.0,under-25,
2017,34009,4167.0,under-25,
2018,34009,25506.0,under-25,
2019,34009,36723.0,under-25,47939.992710468156
2020,34009,,under-25,59156.9865950883
2021,34009,,under-25,70373.97847406332
2022,34009,,under-25,81590.97328763649
2023,34009,,under-25,92807.96593358663
2024,34009,,under-25,104024.95898311392
2025,34009,,under-25,115241.95203264126
2026,34009,,under-25,126458.94508216844
2027,34009,,under-25,137675.93813169585
2028,34009,,under-25,148892.93118122304
2005,34011,17465.0,under-25,
2006,34011,31601.0,under-25,
2007,34011,31138.0,under-25,
2008,34011,24047.0,under-25,
2009,34011,28360.0,under-25,
2010,34011,25979.0,under-25,
2011,34011,32431.0,under-25,
2012,34011,22904.0,under-25,
2013,34011,9096.0,under-25,
2014,34011,26237.0,under-25,
2015,34011,37011.0,under-25,
2016,34011,13796.0,under-25,
2017,34011,30367.0,under-25,
2018,34011,31582.0,under-25,
2019,34011,42218.0,under-25,
2020,34011,,under-25,30325.71134430596
2021,34011,,under-25,30715.55173902258
2022,34011,,under-25,34000.95254309337
2023,34011,,under-25,35786.174601454346
2024,34011,,under-25,32639.882249385024
2025,34011,,under-25,32354.60249698483
2026,34011,,under-25,33798.30102424507
2027,34011,,under-25,34159.3663258368
2028,34011,,under-25,33181.481278806576
2029,34011,,under-25,33066.8254233981
2005,34015,23555.0,under-25,
2006,34015,33531.0,under-25,
2007,34015,17140.0,under-25,
2008,34015,27899.0,under-25,
2009,34015,28052.0,under-25,
2010,34015,21806.0,under-25,
2011,34015,24061.0,under-25,
2012,34015,18441.0,under-25,
2013,34015,32510.0,under-25,
2014,34015,22455.0,under-25,
2015,34015,21428.0,under-25,
2016,34015,38600.0,under-25,
2017,34015,30871.0,under-25,
2018,34015,24068.0,under-25,
2019,34015,36693.0,under-25,
2020,34015,,under-25,39165.384216736566
2021,34015,,under-25,32992.66926718338
2022,34015,,under-25,32424.384688498383
2023,34015,,under-25,43823.42245970068
2024,34015,,under-25,43499.285304601144
2025,34015,,under-25,32997.37586541669
2026,34015,,under-25,44235.435110569066
2027,34015,,under-25,50422.31412498998
2028,34015,,under-25,40833.30382176026
2029,34015,,under-25,43352.197121419966
2005,34017,39596.0,under-25,
2006,34017,30835.0,under-25,
2007,34017,32017.0,under-25,
2008,34017,43488.0,under-25,
2009,34017,36700.0,under-25,
2010,34017,33484.0,under-25,
2011,34017,33221.0,under-25,
2012,34017,32519.0,under-25,
2013,34017,50601.0,under-25,
2014,34017,38737.0,under-25,
2015,34017,41986.0,under-25,
2016,34017,45670.0,under-25,
2017,34017,44621.0,under-25,
2018,34017,55307.0,under-25,
2019,34017,66604.0,under-25,
2020,34017,,under-25,62452.53275087486
2021,34017,,under-25,62429.07534494933
2022,34017,,under-25,62857.85509591585
2023,34017,,under-25,62743.941429006125
2024,34017,,under-25,62731.2100079585
2025,34017,,under-25,62746.25409281125
2026,34017,,under-25,62743.46903481758
2027,34017,,under-25,62742.693687263236
2028,34017,,under-25,62743.18737272209
2029,34017,,under-25,62743.13236010559
2005,34021,26883.0,under-25,
2006,34021,45902.0,under-25,
2007,34021,23769.0,under-25,
2008,34021,33343.0,under-25,
2009,34021,28951.0,under-25,
2010,34021,15994.0,under-25,
2011,34021,31837.0,under-25,
2012,34021,33857.0,under-25,
2013,34021,36891.0,under-25,
2014,34021,33329.0,under-25,
2015,34021,30661.0,under-25,
2016,34021,60816.0,under-25,
2017,34021,33068.0,under-25,
2018,34021,28622.0,under-25,
2019,34021,26695.0,under-25,
2020,34021,,under-25,31462.605645434654
2021,34021,,under-25,32172.176020775063
2022,34021,,under-25,32277.782514894992
2023,34021,,under-25,32293.500098362245
2024,34021,,under-25,32295.839371454385
2025,34021,,under-25,32296.187529211016
2026,34021,,under-25,32296.239346086913
2027,34021,,under-25,32296.24705807545
2028,34021,,under-25,32296.24820586304
2029,34021,,under-25,32296.248376690106
2005,34025,44781.0,under-25,
2006,34025,39974.0,under-25,
2007,34025,40700.0,under-25,
2008,34025,47580.0,under-25,
2009,34025,36828.0,under-25,
2010,34025,36575.0,under-25,
2011,34025,26298.0,under-25,
2012,34025,27215.0,under-25,
2013,34025,60097.0,under-25,
2014,34025,29382.0,under-25,
2015,34025,24869.0,under-25,
2016,34025,42358.0,under-25,
2017,34025,59690.0,under-25,
2018,34025,56983.0,under-25,
2019,34025,43918.0,under-25,
2020,34025,,under-25,47267.35956156762
2021,34025,,under-25,47267.35956156762
2022,34025,,under-25,47267.35956156762
2023,34025,,under-25,47267.35956156762
2024,34025,,under-25,47267.35956156762
2025,34025,,under-25,47267.35956156762
2026,34025,,under-25,47267.35956156762
2027,34025,,under-25,47267.35956156762
2028,34025,,under-25,47267.35956156762
2029,34025,,under-25,47267.35956156762
2005,34027,48975.0,under-25,
2006,34027,36771.0,under-25,
2007,34027,55202.0,under-25,
2008,34027,47128.0,under-25,
2009,34027,30929.0,under-25,
2010,34027,44828.0,under-25,
2011,34027,48159.0,under-25,
2012,34027,56383.0,under-25,
2013,34027,61083.0,under-25,
2014,34027,61231.0,under-25,
2015,34027,71982.0,under-25,
2016,34027,53994.0,under-25,
2017,34027,58677.0,under-25,
2018,34027,42162.0,under-25,
2019,34027,58628.0,under-25,
2020,34027,,under-25,59710.98407974949
2021,34027,,under-25,71001.19153928457
2022,34027,,under-25,74653.19570660371
2023,34027,,under-25,78305.19987392286
2024,34027,,under-25,81957.204041242
2025,34027,,under-25,85609.20820856115
2026,34027,,under-25,89261.21237588029
2027,34027,,under-25,92913.21654319944
2028,34027,,under-25,96565.22071051858
2029,34027,,under-25,100217.22487783773
2005,34029,33667.0,under-25,
2006,34029,25395.0,under-25,
2007,34029,38397.0,under-25,
2008,34029,51079.0,under-25,
2009,34029,34890.0,under-25,
2010,34029,43492.0,under-25,
2011,34029,27597.0,under-25,
2012,34029,34545.0,under-25,
2013,34029,22896.0,under-25,
2014,34029,33346.0,under-25,
2015,34029,29479.0,under-25,
2016,34029,65161.0,under-25,
2017,34029,45065.0,under-25,
2018,34029,35505.0,under-25,
2019,34029,39496.0,under-25,
2020,34029,,under-25,36767.209353862374
2021,34029,,under-25,38505.410673169776
2022,34029,,under-25,37709.44055825804
2023,34029,,under-25,38335.981711021435
2024,34029,,under-25,38040.976344065675
2025,34029,,under-25,38232.93050521303
2026,34029,,under-25,38115.17547268128
2027,34029,,under-25,38174.84736061241
2028,34029,,under-25,38132.83536063405
2029,34029,,under-25,38154.24094479805
2005,34031,22975.0,under-25,
2006,34031,17563.0,under-25,
2007,34031,22339.0,under-25,
2008,34031,30228.0,under-25,
2009,34031,26720.0,under-25,
2010,34031,30588.0,under-25,
2011,34031,22402.0,under-25,
2012,34031,21071.0,under-25,
2013,34031,34531.0,under-25,
2014,34031,36605.0,under-25,
2015,34031,31202.0,under-25,
2016,34031,40620.0,under-25,
2017,34031,25152.0,under-25,
2018,34031,50695.0,under-25,
2019,34031,62937.0,under-25,
2020,34031,,under-25,54024.17041908518
2021,34031,,under-25,62812.706037307325
2022,34031,,under-25,70977.10768584482
2023,34031,,under-25,76216.3962862009
2024,34031,,under-25,81455.68488655699
2025,34031,,under-25,86694.97348691308
2026,34031,,under-25,91934.26208726916
2027,34031,,under-25,97173.55068762525
2028,34031,,under-25,102412.83928798133
2029,34031,,under-25,107652.12788833742
2005,34033,29869.0,under-25,
2006,34033,36451.0,under-25,
2007,34033,15787.0,under-25,
2008,34033,14099.0,under-25,
2009,34033,24449.0,under-25,
2010,34033,10786.0,under-25,
2011,34033,16103.0,under-25,
2012,34033,16429.0,under-25,
2013,34033,12867.0,under-25,
2014,34033,22404.0,under-25,
2015,34033,14516.0,under-25,
2016,34033,37589.0,under-25,
2017,34033,17468.0,under-25,
2018,34033,11307.0,under-25,
2019,34033,80602.0,under-25,
2020,34033,,under-25,90091.58158802384
2021,34033,,under-25,81293.29828618333
2022,34033,,under-25,106258.25932731063
2023,34033,,under-25,131223.22036843793
2024,34033,,under-25,156188.18140956524
2025,34033,,under-25,181153.14245069254
2026,34033,,under-25,206118.10349181984
2027,34033,,under-25,231083.06453294714
2028,34033,,under-25,256048.02557407445
2029,34033,,under-25,281012.98661520175
2005,34035,58056.0,under-25,
2006,34035,30629.0,under-25,
2007,34035,30783.0,under-25,
2008,34035,56712.0,under-25,
2009,34035,41993.0,under-25,
2010,34035,50731.0,under-25,
2011,34035,16250.0,under-25,
2012,34035,52441.0,under-25,
2013,34035,29492.0,under-25,
2014,34035,48508.0,under-25,
2015,34035,53118.0,under-25,
2016,34035,13964.0,under-25,
2017,34035,37668.0,under-25,
2018,34035,26657.0,under-25,
2019,34035,16839.0,under-25,
2020,34035,,under-25,13652.547918859682
2021,34035,,under-25,8346.745517534944
2022,34035,,under-25,3341.3880099598673
2023,34035,,under-25,-1377.263302738288
2024,34035,,under-25,-6095.9146154364435
2025,34035,,under-25,-10814.565928134598
2026,34035,,under-25,-15533.217240832753
2027,34035,,under-25,-20251.86855353091
2028,34035,,under-25,-24970.519866229064
2029,34035,,under-25,-29689.17117892722
2005,34037,17454.0,under-25,
2006,34037,22266.0,under-25,
2007,34037,32313.0,under-25,
2008,34037,67051.0,under-25,
2009,34037,52292.0,under-25,
2010,34037,64735.0,under-25,
2011,34037,21380.0,under-25,
2012,34037,33265.0,under-25,
2013,34037,31245.0,under-25,
2014,34037,26234.0,under-25,
2015,34037,50018.0,under-25,
2016,34037,31799.0,under-25,
2017,34037,30497.0,under-25,
2018,34037,56123.0,under-25,
2019,34037,28208.0,under-25,
2020,34037,,under-25,47657.46793463915
2021,34037,,under-25,44195.564959978816
2022,34037,,under-25,42051.9959153442
2023,34037,,under-25,51189.458268603186
2024,34037,,under-25,47496.261643721664
2025,34037,,under-25,52365.30303201552
2026,34037,,under-25,54689.55067787292
2027,34037,,under-25,55428.983229152145
2028,34037,,under-25,59357.23046513059
2029,34037,,under-25,60632.38158810212
2005,34039,28855.0,under-25,
2006,34039,31986.0,under-25,
2007,34039,43522.0,under-25,
2008,34039,37130.0,under-25,
2009,34039,40296.0,under-25,
2010,34039,44174.0,under-25,
2011,34039,41966.0,under-25,
2012,34039,33948.0,under-25,
2013,34039,35391.0,under-25,
2014,34039,37298.0,under-25,
2015,34039,47466.0,under-25,
2016,34039,45803.0,under-25,
2017,34039,32580.0,under-25,
2018,34039,51006.0,under-25,
2019,34039,42008.0,under-25,
2020,34039,,under-25,44986.06385269856
2021,34039,,under-25,45244.01225068906
2022,34039,,under-25,45915.99622162046
2023,34039,,under-25,46556.77137668955
2024,34039,,under-25,47192.488356491565
2025,34039,,under-25,47830.87146723408
2026,34039,,under-25,48468.61189764412
2027,34039,,under-25,49106.455947444316
2028,34039,,under-25,49744.29083669494
2029,34039,,under-25,50382.12487629298
2005,34041,37888.0,under-25,
2006,34041,49076.0,under-25,
2007,34041,23717.0,under-25,
2008,34041,27821.0,under-25,
2009,34041,23817.0,under-25,
2010,34041,25826.0,under-25,
2011,34041,50000.0,under-25,
2012,34041,19200.0,under-25,
2013,34041,32153.0,under-25,
2014,34041,2499.0,under-25,
2015,34041,14855.0,under-25,
2016,34041,30474.0,under-25,
2017,34041,34287.0,under-25,
2018,34041,29801.0,under-25,
2019,34041,37813.0,under-25,
2020,34041,,under-25,36490.73861072432
2021,34041,,under-25,39347.60459023365
2022,34041,,under-25,40611.15051729111
2023,34041,,under-25,43005.708251000004
2024,34041,,under-25,45400.26598470889
2025,34041,,under-25,47794.82371841777
2026,34041,,under-25,50189.381452126654
2027,34041,,under-25,52583.93918583554
2028,34041,,under-25,54978.49691954442
2029,34041,,under-25,57373.054653253304
